time,seconds_elapsed,gyro_x,gyro_y,gyro_z,acc_x,acc_y,acc_z,grav_x,grav_y,grav_z
1757088350893588500,0.0,-0.0074249999597668,-0.0255750007927417,-0.010037500411272,-0.0506130009889602,-0.2260999977588653,0.0165759995579719,0.0297909993678331,-9.701784133911133,-1.4299650192260742
1757088350903141400,0.009552978515625199,-0.0074249999597668,-0.0255750007927417,-0.010037500411272,-0.0582659989595413,-0.2184730023145675,0.0135730002075433,0.0288249999284744,-9.701931953430176,-1.4289809465408323
1757088350912694500,0.019106201171875448,-0.0074249999597668,-0.0230999998748302,-0.010037500411272,-0.0564190000295639,-0.2087959945201873,-0.0253839995712041,0.027573000639677,-9.702116012573242,-1.42773699760437
1757088350922247400,0.028658935546875597,-0.0049499999731779,-0.0182875003665685,-0.010037500411272,-0.0500900000333786,-0.1967629939317703,-0.0234110001474618,0.0261230003088712,-9.70232105255127,-1.426360011100769
1757088350931800300,0.03821191406249991,-0.0037124999798834,-0.0097624994814395,-0.0087999999523162,-0.0599370002746582,-0.2064200043678283,-0.0396080017089843,0.0244900006800889,-9.70252799987793,-1.424973964691162
1757088350941353200,0.04776489257812511,-0.0037124999798834,0.0001374999992549,-0.0087999999523162,-0.0600720010697841,-0.2375109940767288,-0.0302760004997253,0.0227259993553161,-9.702733993530272,-1.4235899448394775
1757088350950906000,0.057317626953125256,-0.0013749999925494,0.0098999999463558,-0.010037500411272,-0.0757900029420852,-0.2589820027351379,-0.0236620008945465,0.0206879992038011,-9.702936172485352,-1.4222270250320437
1757088350960459000,0.06687060546875045,-0.0026124999858438,0.0184249989688396,-0.0148499999195337,-0.0584109984338283,-0.2467070072889328,0.0029349999967962,0.0183700006455183,-9.703142166137695,-1.420822024345398
1757088350970011600,0.0764233398437506,-0.0026124999858438,0.0257124993950128,-0.0185624994337558,-0.0393069982528686,-0.2320190072059631,0.0078189997002482,0.0158029999583959,-9.70335292816162,-1.4193910360336304
1757088350979564800,0.08597631835937491,-0.0013749999925494,0.0281875003129243,-0.0210375003516674,-0.0164930000901222,-0.2126729935407638,-0.0031389999203383,0.0130289997905492,-9.703560829162598,-1.4179730415344238
1757088350989117700,0.09552929687500011,-0.0037124999798834,0.0306624993681907,-0.0222750008106231,0.0187369994819164,-0.2221930027008056,-0.025110000744462,0.010122999548912,-9.703763008117676,-1.4166009426116943
1757088350998670800,0.10508251953125036,-0.0037124999798834,0.0306624993681907,-0.0197999998927116,0.0382030010223388,-0.2174870073795318,-0.0413089990615844,0.0071820002049207,-9.703951835632324,-1.415310025215149
1757088351008223500,0.11463500976562546,-0.0026124999858438,0.0244750007987022,-0.0185624994337558,0.0495989993214607,-0.2082230001688003,-0.0654760003089904,0.0042429999448359,-9.704130172729492,-1.4140959978103638
1757088351017776400,0.12418798828125066,-0.0001374999992549,0.0147124994546175,-0.0160875003784894,0.0712950006127357,-0.2037830054759979,-0.0654229968786239,0.0014070000033825,-9.704294204711914,-1.4129960536956787
1757088351027329300,0.13374096679687497,0.0010999999940395,0.0049499999731779,-0.0148499999195337,0.075713001191616,-0.220889002084732,-0.0653989985585212,-0.0012760000536218,-9.704431533813477,-1.412060022354126
1757088351036882200,0.14329370117187512,0.0010999999940395,-0.0035749999806284,-0.0136124994605779,0.0796620026230812,-0.252034991979599,-0.0316830016672611,-0.0037229999434202,-9.704553604125977,-1.4112449884414673
1757088351046435000,0.15284667968750032,-0.0001374999992549,-0.0060499999672174,-0.0112749999389052,0.0853909999132156,-0.2518869936466217,-0.0135080004110932,-0.0058780000545084,-9.704666137695312,-1.4104889631271362
1757088351055988200,0.16239990234375057,-0.0026124999858438,-0.0072874999605119,-0.0087999999523162,0.0860280022025108,-0.2325250059366226,-0.0077200001105666,-0.0077120000496506,-9.704771041870115,-1.4097870588302612
1757088351065541000,0.17195263671875072,-0.0037124999798834,-0.0072874999605119,-0.0050874999724328,0.0840279981493949,-0.2229180037975311,-0.0294390004128217,-0.0091610001400113,-9.704853057861328,-1.4092299938201904
1757088351075094000,0.18150561523437503,-0.0037124999798834,-0.0072874999605119,-0.0038499999791383,0.0616879984736442,-0.2255170047283172,-0.0567740015685558,-0.0103000001981854,-9.704906463623049,-1.4088720083236694
1757088351084647000,0.19105859375000023,-0.0049499999731779,-0.0085249999538064,-0.0038499999791383,0.05188599973917,-0.2234140038490295,-0.0691279992461204,-0.011115999892354,-9.704920768737791,-1.4087769985198977
1757088351094199800,0.20061132812500038,-0.0037124999798834,-0.0108624994754791,-0.0050874999724328,0.0268949996680021,-0.2312050014734268,-0.1056480035185813,-0.0116630000993609,-9.704882621765137,-1.4090410470962524
1757088351103752700,0.21016430664062558,-0.0037124999798834,-0.0120999999344348,-0.0063249999657273,0.0305220000445842,-0.234155997633934,-0.0994589999318122,-0.0119399996474385,-9.704812049865724,-1.4095269441604614
1757088351113305600,0.2197172851562499,-0.0037124999798834,-0.015812499448657,-0.010037500411272,0.0297170002013444,-0.2394240051507949,-0.0913920029997825,-0.0119789997115731,-9.704713821411133,-1.4101979732513428
1757088351122858500,0.22927001953125004,-0.0037124999798834,-0.015812499448657,-0.010037500411272,0.0176490005105733,-0.1945980042219162,-0.1060200035572052,-0.0117880003526806,-9.70458698272705,-1.4110679626464844
1757088351132411400,0.23882299804687523,-0.0049499999731779,-0.0145749999210238,-0.0087999999523162,0.0310180000960826,-0.2001110017299652,-0.1154799982905387,-0.0113150002434849,-9.704421043395996,-1.4121949672698977
1757088351141964300,0.24837597656250043,-0.0037124999798834,-0.0097624994814395,-0.0050874999724328,0.0365849994122982,-0.2031839936971664,-0.1084970012307167,-0.0104689998552203,-9.704217910766602,-1.4135799407958984
1757088351151517200,0.2579287109375006,-0.0049499999731779,-0.0010999999940395,-0.0027499999850988,0.0349580012261867,-0.2325450032949447,-0.1090509966015815,-0.0092719998210668,-9.703967094421388,-1.415282964706421
1757088351161070000,0.2674816894531249,-0.0061874999664723,0.0098999999463558,-0.0015124999918043,0.0153829995542764,-0.2808130085468292,-0.0897279977798461,-0.0078159999102354,-9.703682899475098,-1.4172290563583374
1757088351170623000,0.2770346679687501,-0.0074249999597668,0.0196624994277954,-0.0015124999918043,-0.0074869999662041,-0.3266690075397491,-0.0968580022454261,-0.0062310001812875,-9.703370094299316,-1.4193669557571411
1757088351180176100,0.2865876464843753,-0.0086624994874,0.029424998909235,-0.0038499999791383,-0.012899000197649,-0.3460099995136261,-0.0812340006232261,-0.0046500000171363,-9.703045845031738,-1.4215890169143677
1757088351189729000,0.2961406250000005,-0.0086624994874,0.0391874983906745,-0.0112749999389052,-0.0307640004903078,-0.3196479976177215,-0.0526579990983009,-0.0032359999604523,-9.702726364135742,-1.4237749576568604
1757088351199282000,0.3056936035156257,-0.0111375004053115,0.0464750006794929,-0.0210375003516674,-0.0285439994186162,-0.3167920112609863,-0.0054660001769661,-0.0020830000285059,-9.70244598388672,-1.4256980419158936
1757088351208834800,0.31524633789062495,-0.0147124994546175,0.053762499243021,-0.0320375002920627,-0.0095100002363324,-0.3161010146141052,0.0161799993366003,-0.0012750000460073,-9.702218055725098,-1.4272639751434326
1757088351218387700,0.32479931640625015,-0.0208999998867511,0.062424998730421,-0.0442750006914138,0.0074479999020695,-0.3465119898319244,0.0041539999656379,-0.0008539999835193,-9.70204257965088,-1.428467035293579
1757088351227940400,0.3343520507812503,-0.0257124993950128,0.0734250023961067,-0.0576125010848045,0.0497299991548061,-0.3721579909324646,-0.0101330000907182,-0.000793999992311,-9.70190143585205,-1.4294250011444092
1757088351237493500,0.3439050292968755,-0.0306624993681907,0.0856624990701675,-0.0710875019431114,0.0662000030279159,-0.4123139977455139,-0.0402659997344017,-0.0011520000407472,-9.701781272888184,-1.430241942405701
1757088351247046400,0.3534580078125007,-0.034375000745058,0.0989999994635582,-0.091849997639656,0.0702930018305778,-0.4381709992885589,-0.0579899996519088,-0.0020409999415278,-9.701675415039062,-1.4309600591659546
1757088351256599300,0.363010986328125,-0.034375000745058,0.1064250022172927,-0.1223749965429306,0.0793230012059211,-0.4163829982280731,-0.081385001540184,-0.0036009999457746,-9.701578140258787,-1.431594967842102
1757088351266152200,0.37256372070312516,-0.0331375002861022,0.1137124970555305,-0.1590874940156936,0.1161969974637031,-0.3542949855327606,-0.1164930015802383,-0.0058479998260736,-9.701483726501465,-1.4322010278701782
1757088351285258000,0.39166967773437555,-0.034375000745058,0.1319999992847442,-0.2263250052928924,0.301268994808197,-0.2731919884681701,-0.1006409972906112,-0.0118429996073246,-9.701330184936523,-1.4331270456314087
1757088351294811000,0.4012224121093757,-0.0354750007390975,0.1430000066757202,-0.2531374990940094,0.3822419941425323,-0.2541950047016144,-0.1069469973444938,-0.0153029998764395,-9.701287269592283,-1.4333510398864746
1757088351304363800,0.410775390625,-0.034375000745058,0.151525005698204,-0.2763749957084656,0.4428670108318329,-0.2614920139312744,-0.1015420034527778,-0.0189609993249177,-9.70126247406006,-1.433441996574402
1757088351313916700,0.4203283691406252,-0.0367125011980533,0.1577125042676925,-0.2946625053882599,0.5019140243530273,-0.2782930135726928,-0.1013289988040924,-0.0227029994130134,-9.701265335083008,-1.433316946029663
1757088351323469600,0.42988110351562536,-0.0416624993085861,0.1601874977350235,-0.3106124997138977,0.534305989742279,-0.2999219894409179,-0.1247989982366561,-0.0265590008348226,-9.701302528381348,-1.4329710006713867
1757088351333022500,0.43943408203125056,-0.0464750006794929,0.1649999916553497,-0.3251875042915344,0.5415970087051392,-0.3481990098953247,-0.1773110032081604,-0.0306199993938207,-9.70135498046875,-1.4325230121612549
1757088351342575400,0.44898706054687487,-0.0428999997675418,0.1784749925136566,-0.3423750102519989,0.5550500154495239,-0.4403339922428131,-0.2750810086727142,-0.0349560007452964,-9.701380729675291,-1.4322429895401
1757088351352128300,0.458539794921875,-0.0379500016570091,0.2040500044822693,-0.3654749989509582,0.5545979738235474,-0.4971520006656647,-0.345102995634079,-0.0396500006318092,-9.701337814331056,-1.4324029684066772
1757088351361681200,0.4680927734375002,-0.0257124993950128,0.2370499968528747,-0.392425000667572,0.5821719765663147,-0.5357570052146912,-0.4402329921722412,-0.0447110012173652,-9.701180458068848,-1.4333109855651855
1757088351371234300,0.47764599609375047,-0.0086624994874,0.2675749957561493,-0.4179999828338623,0.6541209816932678,-0.5316939949989319,-0.4585230052471161,-0.0500489994883537,-9.700873374938965,-1.4351569414138794
1757088351380787000,0.48719848632812557,-0.0013749999925494,0.3067624866962433,-0.4327124953269958,0.7715049982070923,-0.4978939890861511,-0.3252499997615814,-0.0553259998559951,-9.700461387634276,-1.437688946723938
1757088351390340000,0.49675170898437493,-0.0123749999329447,0.3445749878883362,-0.4399999976158142,0.8223509788513184,-0.4299109876155853,-0.2584530115127563,-0.0604000017046928,-9.699953079223633,-1.4408420324325562
1757088351399893000,0.5063046875000001,-0.0257124993950128,0.3763374984264374,-0.4522374868392944,0.7517499923706055,-0.3313199877738952,-0.3157149851322174,-0.065540999174118,-9.699312210083008,-1.444838047027588
1757088351409446000,0.5158574218750003,-0.0354750007390975,0.4045250117778778,-0.4767124950885772,0.6533240079879761,-0.1593399941921234,-0.3804480135440826,-0.0711390003561973,-9.698495864868164,-1.449910044670105
1757088351418998800,0.5254104003906255,-0.0441375002264976,0.4398624897003174,-0.5145249962806702,0.5776680111885071,0.009162999689579,-0.4610730111598968,-0.0776629969477653,-9.697449684143066,-1.4563339948654177
1757088351428551700,0.5349633789062507,-0.0404249988496303,0.4826250076293945,-0.558525025844574,0.5334439873695374,0.1451500058174133,-0.5490279793739319,-0.0854619964957237,-9.696111679077148,-1.4644160270690918
1757088351438104600,0.5445161132812499,-0.0306624993681907,0.5218124985694885,-0.6098124980926514,0.5150499939918518,0.2802270054817199,-0.5640980005264282,-0.09477099776268,-9.69444179534912,-1.4743069410324097
1757088351447657500,0.5540690917968751,-0.0123749999329447,0.5461499691009521,-0.6599999666213989,0.5139639973640442,0.4146679937839508,-0.5298550128936768,-0.1057289987802505,-9.692419052124023,-1.486001968383789
1757088351457210400,0.5636220703125003,0.0010999999940395,0.5535749793052673,-0.7137625217437744,0.416702002286911,0.6039609909057617,-0.4240120053291321,-0.1188390031456947,-9.69005012512207,-1.4992369413375854
1757088351466763300,0.5731748046875005,0.0230999998748302,0.5449125170707703,-0.7943375110626221,0.1576150059700012,0.7176269888877869,-0.3706629872322082,-0.1354400068521499,-9.687270164489746,-1.5140119791030884
1757088351476316400,0.5827280273437507,0.052387498319149,0.5461499691009521,-0.904337465763092,-0.1236239969730377,0.9179270267486572,-0.2592580020427704,-0.1571719944477081,-9.68397617340088,-1.5302640199661257
1757088351485869000,0.59228076171875,0.0903374999761581,0.563337504863739,-1.0448625087738037,-0.3748030066490173,1.2628920078277588,-0.1772889941930771,-0.1839659959077835,-9.680341720581056,-1.5467389822006226
1757088351495422200,0.6018337402343752,0.1331000030040741,0.6268625259399414,-1.1939125061035156,-0.3574579954147339,1.5428110361099243,-0.1666280031204223,-0.216616004705429,-9.67622184753418,-1.5635969638824463
1757088351504974800,0.6113864746093753,0.1941500008106231,0.7331500053405762,-1.3490124940872192,-0.6138499975204468,1.7137030363082886,-0.0298340003937482,-0.2560009956359863,-9.671430587768556,-1.5810580253601074
1757088351514527700,0.6209394531250005,0.2589125037193298,0.8699625134468079,-1.5701124668121338,-1.3649150133132937,1.822116017341613,0.0914520025253295,-0.3032610118389129,-9.665719032287598,-1.5992929935455322
1757088351524080600,0.6304921875000007,0.3309625089168548,1.0507750511169434,-1.8841625452041624,-2.0244760513305664,1.729354977607727,0.2111160010099411,-0.3599160015583038,-9.658740997314451,-1.6183559894561768
1757088351533633500,0.640045166015625,0.4006749987602234,1.286587476730347,-2.212787389755249,-1.7213380336761477,1.7112460136413574,0.1787459999322891,-0.4275830090045929,-9.65007781982422,-1.6380540132522583
1757088351543186400,0.6495981445312502,0.4910124838352203,1.522262454032898,-2.474174976348877,-0.5672680139541626,1.7376179695129397,-0.2183260023593902,-0.5074849724769592,-9.639227867126465,-1.6582800149917605
1757088351552739300,0.6591508789062503,0.6058250069618225,1.617687463760376,-2.5779874324798584,1.3703930377960205,1.6414330005645752,-0.1748870015144348,-0.6000490188598633,-9.625739097595217,-1.6789690256118774
1757088351562292500,0.6687041015625006,0.6962999701499939,1.5369750261306765,-2.54993748664856,2.682945966720581,1.7052149772644043,0.4868519902229309,-0.7050819993019104,-9.609251022338867,-1.700260043144226
1757088351571845400,0.6782570800781249,0.6608250141143799,1.2645875215530396,-2.437599897384644,3.5244410037994385,1.2942049503326416,1.3365470170974731,-0.822018027305603,-9.589556694030762,-1.7224149703979492
1757088351581398000,0.6878095703125,0.5288249850273132,0.7013875246047974,-2.3055999279022217,3.590260028839112,0.48471799492836,1.478232979774475,-0.9398229718208312,-9.570164680480955,-1.7418500185012815
1757088351590951000,0.6973625488281252,0.3871999979019165,-0.2564375102519989,-2.2225499153137207,3.466149091720581,-0.5340070128440857,1.2404340505599976,-1.0575859546661377,-9.55105209350586,-1.7594419717788696
1757088351600504000,0.7069157714843755,0.2503874897956848,-1.2265000343322754,-2.284837484359741,1.5705100297927856,-1.6071120500564575,0.746662974357605,-1.1836539506912231,-9.52906322479248,-1.77880597114563
1757088351610057000,0.7164685058593756,0.1819124966859817,-1.837412476539612,-2.6391749382019043,-1.0808570384979248,-2.263915061950684,0.3104369938373565,-1.3184880018234253,-9.503639221191406,-1.8002619743347168
1757088351619609900,0.7260214843749999,0.1416250020265579,-1.9619874954223635,-3.1546623706817627,-2.3066320419311523,-2.841960906982422,0.1532379984855651,-1.463678956031799,-9.473877906799316,-1.8236429691314693
1757088351629162800,0.7355744628906251,0.1098624989390373,-1.5613124370574951,-3.665337562561035,-2.0241899490356445,-3.493328094482422,0.5459780097007751,-1.6212780475616455,-9.438673973083496,-1.8482609987258911
1757088351638715600,0.7451271972656253,-0.0538999997079372,-1.5100250244140625,-3.9976749420166016,-1.2889909744262695,-3.633840084075928,0.9561070203781128,-1.792227029800415,-9.39714527130127,-1.8734760284423828
1757088351648268500,0.7546801757812505,-0.2872374951839447,-2.2563750743865967,-3.830337524414064,0.5983049869537354,-3.17111611366272,1.0836479663848877,-1.974174976348877,-9.349294662475586,-1.900015950202942
1757088351657821400,0.7642331542968757,-0.5205749869346619,-2.727999925613404,-3.346474885940552,-0.0149419996887445,-1.661512017250061,1.3307709693908691,-2.1630759239196777,-9.295940399169922,-1.928102970123291
1757088351667374300,0.7737858886718749,-0.6500999927520752,-2.389612436294556,-2.932324886322021,-1.1763520240783691,-0.2499790042638778,1.1872559785842896,-2.359205961227417,-9.237066268920898,-1.953382015228272
1757088351676927200,0.7833388671875001,-0.6280999779701233,-1.6663625240325928,-2.57069993019104,-1.0791360139846802,0.1963659971952438,0.5367000102996826,-2.561980962753296,-9.172246932983398,-1.977828025817871
1757088351686480100,0.7928918457031253,-0.5132874846458435,-0.93087500333786,-2.231075048446656,-0.8391709923744202,0.6704540252685547,0.4272370040416717,-2.770021915435791,-9.101694107055664,-2.000817060470581
1757088351696033300,0.8024448242187505,-0.4093374907970428,-0.2674374878406524,-1.9806874990463257,-0.6547840237617493,1.1955300569534302,0.6266329884529114,-2.982621908187866,-9.025504112243652,-2.020711898803711
1757088351705586200,0.8119978027343757,-0.3555749952793121,0.0867625027894973,-1.8339749574661253,-0.3828310072422027,1.4735989570617676,0.5112180113792419,-3.194418907165528,-8.946065902709961,-2.0382280349731445
1757088351715138800,0.821550537109375,-0.2860000133514404,0.3262875080108642,-1.8401625156402588,-0.2555280029773712,1.833493947982788,0.3986589908599853,-3.4040169715881348,-8.863521575927734,-2.052872896194458
1757088351724691700,0.8311032714843751,-0.2102375030517578,0.4655750095844269,-1.9366874694824217,0.3876340091228485,2.193650960922241,0.2723129987716675,-3.610145092010498,-8.777864456176758,-2.0644938945770264
1757088351734244600,0.8406562500000003,-0.1381874978542328,0.4643374979496002,-2.024549961090088,1.2076369524002075,2.2214579582214355,0.373551994562149,-3.8116610050201416,-8.689166069030762,-2.0732579231262207
1757088351743797500,0.8502092285156255,-0.0318999998271465,0.2785750031471252,-2.091787576675415,1.4951729774475098,1.9602580070495603,0.2073570042848587,-4.008007049560547,-8.597484588623047,-2.0797998905181885
1757088351753350400,0.8597619628906257,0.0926750004291534,-0.1050499975681305,-2.19807505607605,0.7174829840660095,1.6659280061721802,0.0954929962754249,-4.199323177337647,-8.502622604370117,-2.085371971130371
1757088351762903300,0.86931494140625,0.2699125111103058,-0.3921499848365783,-2.3423125743865967,-0.0441539995372295,1.109853982925415,-0.026622999459505,-4.388775825500488,-8.401823043823242,-2.092274904251098
1757088351772456400,0.8788681640625002,0.4360125064849853,-0.4567750096321106,-2.3935999870300293,-0.0165580008178949,0.3727740049362182,-0.0454870015382766,-4.58613395690918,-8.292074203491211,-2.104796886444092
1757088351782009300,0.8884208984375004,0.5545374751091003,-0.3909125030040741,-2.297075033187866,0.2460879981517791,-0.1699319928884506,-0.3952620029449463,-4.790139198303223,-8.174402236938477,-2.122973918914795
1757088351791562200,0.8979738769531256,0.5802500247955322,-0.3431999981403351,-2.085737466812134,0.3345470130443573,-0.4231559932231903,-0.7756819725036621,-4.990515232086182,-8.052830696105957,-2.143825054168701
1757088351801115400,0.9075270996093749,0.5655375123023987,-0.2674374878406524,-1.8767374753952024,-0.2027309983968734,-0.3230690062046051,-1.2832859754562378,-5.186339855194092,-7.927443981170654,-2.167452096939087
1757088351810668000,0.91707958984375,0.4970625042915344,-0.1929125040769577,-1.7436374425888062,-0.7222489714622498,-0.0556709989905357,-1.5865479707717896,-5.375576972961426,-7.800394058227539,-2.189882040023804
1757088351820221000,0.9266325683593752,0.4092000126838684,-0.1660999953746795,-1.682587504386902,-0.7587550282478333,0.2477200031280517,-1.5798059701919556,-5.556407928466797,-7.670561790466309,-2.2151589393615723
1757088351829773800,0.9361855468750004,0.3077250123023987,-0.1061500012874603,-1.643399953842163,-0.1803780049085617,0.570576012134552,-0.9703750014305116,-5.727363109588623,-7.5393571853637695,-2.242379903793335
1757088351839326700,0.9457382812500006,0.1904374957084655,-0.0060499999672174,-1.634874939918518,0.1791349947452545,0.5996339917182922,0.1076000034809112,-5.890404224395752,-7.407779216766357,-2.2674410343170166
1757088351848879600,0.9552912597656249,0.1611499935388565,0.0599500015377998,-1.6666375398635864,0.1017870008945465,0.8841720223426819,0.6811929941177368,-6.049355983734131,-7.2744460105896,-2.288115978240967
1757088351858432500,0.9648442382812501,0.1806749999523162,0.0709500014781951,-1.6971625089645386,-0.0091390004381537,1.1415640115737915,1.282317042350769,-6.203368186950684,-7.138713836669922,-2.306994915008545
1757088351867985400,0.9743969726562502,0.2001999914646148,0.1149500012397766,-1.7056875228881836,-0.1464609950780868,1.075199007987976,1.884186029434204,-6.353555202484131,-7.000807762145996,-2.321216106414795
1757088351877538300,0.9839499511718754,0.2564375102519989,0.1967625021934509,-1.7118749618530271,-0.401416003704071,1.3971420526504517,1.6376750469207764,-6.501022815704346,-6.859127998352051,-2.331816911697388
1757088351887091500,0.9935031738281257,0.3212000131607055,0.2114749997854232,-1.6886374950408936,-0.0805789977312088,1.5685670375823977,1.304932951927185,-6.645137786865234,-6.713292121887207,-2.3414299488067627
1757088351896644400,1.003055908203125,0.3774375021457672,0.1687124967575073,-1.6421624422073364,0.1684300005435943,1.802696943283081,0.9105219841003418,-6.786308765411377,-6.564899921417236,-2.352895021438598
1757088351906197200,1.0126088867187502,0.3932499885559082,0.079475000500679,-1.5860625505447388,0.257436990737915,1.7330609560012815,0.8871009945869446,-6.92401123046875,-6.414305210113525,-2.3669021129608154
1757088351915750100,1.0221618652343754,0.4104374945163727,-0.0060499999672174,-1.5860625505447388,-0.0804919973015785,1.5038549900054932,0.5762150287628174,-7.060303211212158,-6.257826805114746,-2.38269591331482
1757088351925302800,1.0317143554687505,0.4092000126838684,-0.0683375000953674,-1.5945874452590942,-0.0378380008041858,1.2078449726104736,0.583404004573822,-7.194241046905518,-6.096529960632324,-2.400131940841675
1757088351934855700,1.0412673339843757,0.3786749839782715,-0.1453374922275543,-1.581112504005432,-0.0066940002143383,0.6027860045433044,0.8665810227394104,-7.324936866760254,-5.932525157928467,-2.417530059814453
1757088351944408600,1.0508203125,0.3151499927043915,-0.17586250603199,-1.576300024986267,-0.4659619927406311,-0.0093139996752142,0.9602940082550048,-7.451920032501221,-5.767477989196777,-2.432756900787353
1757088351953961700,1.0603732910156252,0.23938749730587,-0.128150001168251,-1.581112504005432,-0.7501090168952942,-0.394565999507904,0.7256219983100891,-7.572371006011963,-5.604865074157715,-2.4436728954315186
1757088351963514400,1.0699260253906253,0.1819124966859817,-0.0830499976873397,-1.5933499336242676,-0.8999500274658203,-0.6693999767303467,0.4137569963932037,-7.686943054199219,-5.444174766540527,-2.4519100189208984
1757088351973067500,1.0794792480468756,0.1513874977827072,-0.0488125011324882,-1.5921125411987305,-0.6175869703292847,-0.7517970204353333,-0.0536170005798339,-7.797232151031494,-5.285192012786865,-2.4558238983154297
1757088351982620400,1.0890319824218757,0.1574375033378601,0.075762502849102,-1.5310624837875366,0.0709249973297119,-0.6910160183906555,-0.2151789963245391,-7.904244899749756,-5.127902030944824,-2.454878091812134
1757088351992173300,1.0985849609375,0.1671999990940094,0.1577125042676925,-1.4833500385284424,-0.188970997929573,-0.6615449786186218,-0.0602970011532306,-8.008246421813965,-4.972708225250244,-2.447432041168213
1757088352001726200,1.1081379394531252,0.1891999989748001,0.1722874939441681,-1.4907749891281128,-0.3268010020256042,-0.4957189857959747,0.0237760003656148,-8.10954475402832,-4.8178229331970215,-2.436964988708496
1757088352011279000,1.1176906738281254,0.2356749922037124,0.1882375031709671,-1.5395874977111816,-0.368923008441925,-0.3210630118846893,0.1013720035552978,-8.207806587219238,-4.664761066436768,-2.419744968414306
1757088352020832000,1.1272436523437506,0.23938749730587,0.2102375030517578,-1.55058753490448,0.0344580002129077,-0.3888280093669891,0.4303539991378784,-8.303187370300293,-4.513597011566162,-2.396404981613159
1757088352030385000,1.1367966308593749,0.2417249977588653,0.2297624945640564,-1.5225374698638916,0.026223000138998,-0.2058800011873245,-0.0137689998373389,-8.395263671875,-4.362825870513916,-2.3716609477996826
1757088352039937800,1.146349365234375,0.2417249977588653,0.2138125002384185,-1.4711124897003174,0.0554729998111724,-0.180769994854927,-0.1696590036153793,-8.482733726501465,-4.213208198547363,-2.3480329513549805
1757088352049490700,1.1559023437500002,0.2246749997138977,0.201712504029274,-1.4272500276565552,-0.4389100074768066,-0.1955710053443908,-0.346121996641159,-8.564558029174805,-4.065303802490234,-2.3275458812713623
1757088352059043600,1.1654553222656254,0.2307250052690506,0.2248124927282333,-1.3990625143051147,-0.4901590049266815,-0.1369889974594116,-0.8436920046806335,-8.640031814575195,-3.918978929519653,-2.313499927520752
1757088352068596500,1.1750080566406256,0.2454375028610229,0.2347124963998794,-1.358775019645691,-0.4028739929199219,-0.1025369986891746,-1.008892059326172,-8.708436965942383,-3.775877952575684,-2.3057940006256104
1757088352078149400,1.1845610351562499,0.2626250088214874,0.2199999988079071,-1.3392499685287476,-0.7043300271034241,0.0563430003821849,-1.220842957496643,-8.770626068115234,-3.637057065963745,-2.300895929336548
1757088352087702300,1.194114013671875,0.297962486743927,0.2285249978303909,-1.2952499389648438,-0.682545006275177,0.1030070036649704,-1.3589190244674685,-8.830312728881836,-3.49891996383667,-2.2950470447540283
1757088352097255200,1.2036667480468752,0.3334375023841858,0.2700499892234802,-1.2084875106811523,-0.7877010107040405,-0.1502210050821304,-0.9664120078086852,-8.887715339660645,-3.361658096313477,-2.287727117538452
1757088352106808000,1.2132197265625004,0.3517250120639801,0.2835249900817871,-1.1547249555587769,-0.7158520221710205,-0.3853079974651336,-0.5406249761581421,-8.939986228942871,-3.2298500537872314,-2.280608892440796
1757088352116361200,1.2227729492187507,0.3579125106334686,0.3091000020503998,-1.0789624452590942,-0.6113060116767883,-0.2470269948244094,-0.1076470017433166,-8.98805046081543,-3.102994918823242,-2.2723939418792725
1757088352125913900,1.232325439453125,0.3272500038146972,0.2785750031471252,-1.0118625164031982,-0.9040129780769348,-0.1352950036525726,0.5705130100250244,-9.033209800720217,-2.9794180393218994,-2.2620201110839844
1757088352135467000,1.2418786621093751,0.2784374952316284,0.2750000059604645,-0.9470999836921692,-0.9653210043907166,0.0816529989242553,0.5474889874458313,-9.076000213623049,-2.8577868938446045,-2.250118970870972
1757088352145019600,1.2514311523437502,0.2441999912261963,0.2957625091075897,-0.8761500120162964,-0.870373010635376,0.081444002687931,0.2171149998903274,-9.116555213928224,-2.7379310131073,-2.2373828887939453
1757088352154572500,1.2609841308593754,0.2296250015497207,0.2712875008583069,-0.8333874940872192,-0.5834680199623108,-0.1622280031442642,-0.0965550020337104,-9.155125617980955,-2.6208291053771973,-2.2227609157562256
1757088352164125400,1.2705371093750006,0.2283875048160553,0.2297624945640564,-0.7906249761581421,-0.0154940001666545,-0.3138079941272735,-0.3360280096530914,-9.191575050354004,-2.5066139698028564,-2.2080419063568115
1757088352173678300,1.28008984375,0.2283875048160553,0.2102375030517578,-0.7455250024795532,-0.0300539992749691,-0.2588950097560882,-0.5225859880447388,-9.22627067565918,-2.3944990634918213,-2.193510055541992
1757088352183231500,1.2896430664062501,0.2161500006914138,0.215049996972084,-0.7173374891281128,-0.1554899960756302,-0.0626389980316162,-0.5018219947814941,-9.25907039642334,-2.2841389179229736,-2.1799330711364746
1757088352192784400,1.2991960449218753,0.2516250014305115,0.2212374955415725,-0.7063375115394592,0.0017960000550374,0.0806899964809417,-0.8744969964027405,-9.289506912231444,-2.175766944885254,-2.168778896331787
1757088352202337300,1.3087487792968755,0.2809124886989593,0.3445749878883362,-0.6489999890327454,0.1940809935331344,0.3214319944381714,-0.5324069857597351,-9.317657470703123,-2.0697410106658936,-2.1588780879974365
1757088352211890200,1.3183017578125007,0.3089624941349029,0.4252874851226806,-0.6220499873161316,-0.0425000004470348,-0.0447620004415512,-0.2925960123538971,-9.343738555908203,-1.9666310548782349,-2.1497859954833984
1757088352221443000,1.327854736328125,0.3187249898910522,0.4190999865531921,-0.5817624926567078,0.2768119871616363,-0.2416100054979324,0.0241100005805492,-9.368000984191896,-1.867876052856445,-2.139589071273804
1757088352230996000,1.3374074707031252,0.3370124995708465,0.3971000015735626,-0.5451874732971191,0.0409939996898174,-0.3897339999675751,0.1595470011234283,-9.390741348266602,-1.773867964744568,-2.1273179054260254
1757088352240548900,1.3469604492187504,0.3382500112056732,0.358049988746643,-0.5134249925613403,-0.2811349928379059,-0.34791100025177,0.3785539865493774,-9.41215705871582,-1.684725046157837,-2.112194061279297
1757088352250101800,1.3565134277343756,0.3126749992370605,0.2993375062942505,-0.4681875109672546,-0.1359950006008148,-0.1849029958248138,0.54202800989151,-9.432619094848633,-1.600445032119751,-2.092890977859497
1757088352259654700,1.3660661621093757,0.2991999983787536,0.2688125073909759,-0.4339500069618225,-0.12847700715065,-0.1540790051221847,0.5520280003547668,-9.45232391357422,-1.5210109949111938,-2.069061040878296
1757088352269207600,1.375619140625,0.2796750068664551,0.2492875009775161,-0.3972375094890594,-0.0846899971365928,-0.0014169999631121,0.4005649983882904,-9.470853805541992,-1.4455759525299072,-2.043585062026977
1757088352278760400,1.3851721191406252,0.2771999835968017,0.233474999666214,-0.3801875114440918,-0.1618880033493042,0.1167429983615875,0.2876729965209961,-9.48826789855957,-1.3737159967422483,-2.016855001449585
1757088352288313600,1.3947253417968755,0.2539624869823456,0.2162874937057495,-0.3704249858856201,-0.20346699655056,0.188960000872612,0.5303220152854919,-9.504790306091309,-1.304959058761597,-1.9883780479431152
1757088352297866500,1.4042780761718756,0.2356749922037124,0.2554749846458435,-0.3704249858856201,-0.459861010313034,0.3563660085201263,0.4827469885349273,-9.520822525024414,-1.2383710145950315,-1.9571839570999143
1757088352307419400,1.4138310546875,0.2136749923229217,0.3201000094413757,-0.3667125105857849,-0.481469988822937,0.3660529851913452,0.4631089866161346,-9.536172866821287,-1.1738519668579102,-1.9241880178451536
1757088352316972300,1.4233837890625,0.1904374957084655,0.3860999941825866,-0.3606624901294708,-0.3862830102443695,0.4329330027103424,0.3708710074424743,-9.550447463989258,-1.1112799644470217,-1.891221046447754
1757088352326525200,1.4329367675781253,0.1806749999523162,0.4313375055789947,-0.3606624901294708,-0.2464919984340667,0.3630250096321106,0.0516830012202262,-9.56352424621582,-1.0511260032653809,-1.859009027481079
1757088352336078000,1.4424897460937505,0.1746249943971634,0.4753375053405761,-0.3423750102519989,0.0246760006994009,0.2472359985113144,-0.177154004573822,-9.575593948364258,-0.9934530258178712,-1.8273229598999023
1757088352345630700,1.4520422363281256,0.1696749925613403,0.4973374903202057,-0.3019500076770782,0.0923390015959739,0.144227996468544,-0.3856840133666992,-9.586997032165527,-0.937785029411316,-1.7956279516220093
1757088352355183900,1.461595458984375,0.1684374958276748,0.5339124798774719,-0.2470874935388565,0.1332650035619735,-0.015451000072062,-0.6715850234031677,-9.598026275634766,-0.8839870095252991,-1.7634069919586182
1757088352364736800,1.4711484375000001,0.1782000064849853,0.5608624815940857,-0.203087493777275,-0.2056419998407364,0.0540239997208118,-0.6765909790992737,-9.608880043029783,-0.8319939970970154,-1.7297290563583374
1757088352374290000,1.4807016601562504,0.1513874977827072,0.5486249923706055,-0.1736624985933303,-0.5779410004615784,0.0838499963283538,-0.3802320063114166,-9.619600296020508,-0.7823349833488464,-1.6937880516052246
1757088352383842600,1.4902541503906255,0.1366750001907348,0.5083374977111816,-0.1578499972820282,-0.9090890288352966,0.0318280011415481,-0.247980996966362,-9.630441665649414,-0.7355970144271851,-1.6541240215301514
1757088352393395500,1.4998071289062507,0.1098624989390373,0.4362874925136566,-0.1223749965429306,-0.8445680141448975,0.0885120034217834,0.0185759998857975,-9.641120910644531,-0.6922270059585571,-1.6117600202560425
1757088352402948400,1.50935986328125,0.0805749967694282,0.3873375058174133,-0.0442750006914138,-0.580968976020813,0.3766170144081116,0.193243995308876,-9.651548385620115,-0.6506850123405457,-1.5678149461746216
1757088352412501200,1.5189128417968751,0.0598125010728836,0.3335750102996826,0.0840125009417533,-0.4231750071048736,0.6135119795799255,0.2850120067596435,-9.661681175231934,-0.6100010275840759,-1.523038029670715
1757088352422054100,1.5284658203125003,0.0401500016450881,0.3507624864578247,0.1451999992132187,-0.7338629961013794,0.4500359892845154,0.0969439968466758,-9.671422958374023,-0.570464015007019,-1.478247046470642
1757088352431607000,1.5380185546875005,0.031624998897314,0.377575010061264,0.1207249984145164,-0.8278679847717285,0.2954579889774322,-0.0954679995775222,-9.6806001663208,-0.532480001449585,-1.4344340562820437
1757088352441160200,1.5475717773437507,0.0390499979257583,0.3165250122547149,0.1329624950885772,-0.5841609835624695,0.2431180030107498,-0.3066509962081909,-9.689078330993652,-0.4964179992675781,-1.392717957496643
1757088352450713000,1.557124755859375,0.0756250023841857,0.2322375029325485,0.2465374916791916,-0.6525639891624451,0.4326710104942322,-0.3040750026702881,-9.69687271118164,-0.4621869921684265,-1.3533849716186523
1757088352460266000,1.5666774902343752,0.1073874980211258,0.2542375028133392,0.3271124958992004,-0.9885129928588868,0.4405699968338012,-0.243694007396698,-9.704115867614746,-0.4316120147705078,-1.3151860237121582
1757088352469819000,1.5762304687500004,0.1343374997377395,0.3323374986648559,0.3125374913215637,-0.8393840193748474,0.3146969974040985,-0.0595199987292289,-9.710944175720217,-0.4040389955043793,-1.2772350311279297
1757088352479371800,1.5857834472656256,0.1293874979019165,0.2860000133514404,0.2550624907016754,-0.2324279993772506,0.2085890024900436,0.1966170072555542,-9.717277526855469,-0.3796409964561462,-1.239840030670166
1757088352488924700,1.5953361816406257,0.0915749967098236,0.2822875082492828,0.1610125005245208,0.3032140135765075,0.09392099827528,0.3544380068778991,-9.723108291625977,-0.3588570058345794,-1.2027770280838013
1757088352498477600,1.60488916015625,0.057337500154972,0.2102375030517578,0.0694374963641166,0.8525890111923218,-0.0972179993987083,0.4454750120639801,-9.728397369384766,-0.3419190049171448,-1.166460037231445
1757088352508030500,1.6144421386718752,0.0438624992966651,0.0954250022768974,0.0412499979138374,0.653639018535614,-0.1110799983143806,0.3880360126495361,-9.733105659484863,-0.3288440108299255,-1.1316440105438232
1757088352517583400,1.6239948730468754,0.0488125011324882,0.0439999997615814,0.0144375003874301,0.4840829968452453,-0.1721410006284713,0.1447490006685257,-9.737312316894531,-0.3194450139999389,-1.0985870361328125
1757088352527136300,1.6335478515625006,0.0708125010132789,0.0111375004053115,0.0144375003874301,0.2915639877319336,-0.3498350083827972,-0.0188149996101856,-9.74107837677002,-0.3137730062007904,-1.0673569440841677
1757088352536689000,1.6431005859374999,0.0756250023841857,-0.0097624994814395,-0.0015124999918043,-0.0259080007672309,-0.6671040058135986,0.0418509989976882,-9.744504928588867,-0.3121140003204345,-1.037256956100464
1757088352546242000,1.652653564453125,0.0609125010669231,0.0086624994874,-0.0222750008106231,-0.1371909976005554,-0.8470720052719116,0.1737300008535385,-9.747742652893066,-0.3141089975833893,-1.0070949792861938
1757088352555795000,1.6622065429687503,0.0268124993890523,0.0147124994546175,-0.025849999859929,-0.075822003185749,-0.8967729806900024,0.3112330138683319,-9.750761985778809,-0.3199619948863983,-0.976756989955902
1757088352565347800,1.6717595214843755,-0.0136124994605779,0.0086624994874,-0.0197999998927116,-0.0143510000780224,-0.8089709877967834,0.364654004573822,-9.753442764282228,-0.3294309973716736,-0.9470810294151306
1757088352574900700,1.6813122558593756,-0.0514249987900257,0.0074249999597668,-0.0173249989748001,-0.033789999783039,-0.6534339785575867,0.4171319901943207,-9.755786895751951,-0.341856986284256,-0.9182050228118896
1757088352584453600,1.690865234375,-0.084425002336502,0.0208999998867511,-0.0345125012099742,-0.0882209986448288,-0.4473850131034851,0.4492549896240234,-9.757810592651367,-0.3564830124378204,-0.890296995639801
1757088352594006500,1.7004182128906251,-0.1027124971151351,0.0257124993950128,-0.0650374963879585,-0.137592002749443,-0.1904859989881515,0.2439569979906082,-9.759507179260254,-0.3727810084819793,-0.864100992679596
1757088352603559400,1.7099709472656253,-0.1014750003814697,0.0342375002801418,-0.0980374962091445,-0.0238910000771284,-0.0795129984617233,0.1582179963588714,-9.760915756225586,-0.3903259932994842,-0.8398039937019348
1757088352613112300,1.7195239257812505,-0.0989999994635582,0.029424998909235,-0.1101374998688697,0.0613909997045993,0.0558319985866546,0.1119889989495277,-9.762128829956056,-0.4078460037708282,-0.8172119855880737
1757088352622665200,1.7290769042968757,-0.112475000321865,0.0111375004053115,-0.1077999994158744,0.080205999314785,0.1521389931440353,0.2122700065374374,-9.763238906860352,-0.4247429966926574,-0.795727014541626
1757088352632218000,1.738629638671875,-0.1430000066757202,-0.002337499987334,-0.1126125007867813,-0.0402919985353946,0.1249340027570724,0.1360529959201812,-9.764333724975586,-0.4408609867095947,-0.7746449708938599
1757088352641771000,1.7481826171875001,-0.1674750000238418,-0.0085249999538064,-0.1187999993562698,-0.0082210004329681,0.0718130022287368,0.0218369998037815,-9.765425682067873,-0.4563379883766174,-0.753948986530304
1757088352651324200,1.7577358398437504,-0.1882375031709671,-0.0048124999739229,-0.1090374961495399,-0.0053730001673102,0.0204969998449087,-0.0501639991998672,-9.766457557678224,-0.4698120057582855,-0.7345349788665771
1757088352660877000,1.7672885742187505,-0.2151875048875808,0.0232375003397464,-0.0980374962091445,-0.0960260033607482,0.0181680005043745,-0.1189199984073638,-9.767351150512695,-0.4822809994220733,-0.7169600129127502
1757088352670430000,1.7768415527343757,-0.2480500042438507,0.0514249987900257,-0.0870374962687492,-0.1413780003786087,0.0328710004687309,-0.2161370068788528,-9.768074035644531,-0.4937269985675812,-0.701708972454071
1757088352679982800,1.78639453125,-0.278712511062622,0.0659999996423721,-0.0710875019431114,-0.0819709971547126,0.0508290007710456,-0.3768529891967773,-9.768567085266112,-0.5042619705200195,-0.6895660161972046
1757088352689535700,1.7959472656250002,-0.3092375099658966,0.0941874980926513,-0.0613249987363815,-0.0687159970402717,0.0034199999645352,-0.5312150120735168,-9.768832206726074,-0.5138429999351501,-0.6807159781455994
1757088352699088600,1.8055002441406254,-0.3360500037670135,0.1295250058174133,-0.0650374963879585,-0.0366440005600452,-0.0145070003345608,-0.6483550071716309,-9.768916130065918,-0.5226219892501831,-0.6746280193328857
1757088352708641500,1.8150532226562506,-0.3568125069141388,0.1625249981880188,-0.0760374963283538,0.0406280010938644,-0.0365319997072219,-0.7411710023880005,-9.768891334533691,-0.5306000113487244,-0.6704360246658325
1757088352718194400,1.8246059570312507,-0.3715249896049499,0.1772374957799911,-0.0870374962687492,0.1802700012922287,-0.0260990001261234,-0.7137889862060547,-9.768832206726074,-0.5372089743614197,-0.6674119830131531
1757088352727747000,1.83415869140625,-0.3763374984264374,0.1797125041484832,-0.0991374999284744,0.2698310017585754,0.0010239999974146,-0.673874020576477,-9.768774032592772,-0.5415250062942505,-0.6656240224838257
1757088352737300200,1.8437119140625002,-0.377575010061264,0.1747625023126602,-0.1101374998688697,0.2644839882850647,0.0887420028448104,-0.5387449860572815,-9.768746376037598,-0.5428249835968018,-0.6651960015296936
1757088352746853000,1.8532646484375004,-0.3605250120162964,0.1442375034093856,-0.1273249983787536,0.1586990058422088,0.1762329936027526,-0.5400800108909607,-9.7687406539917,-0.5405679941177368,-0.6666849851608276
1757088352756406300,1.8628178710937506,-0.3104749917984009,0.0965249985456466,-0.1223749965429306,0.1190259978175163,0.1278750002384185,-0.6069080233573914,-9.768705368041992,-0.5350959897041321,-0.670661985874176
1757088352765959200,1.872370849609375,-0.2175250053405761,0.0856624990701675,-0.1028499975800514,0.0507639981806278,-0.1154059991240501,-0.8748570084571838,-9.768503189086914,-0.5276389718055725,-0.6781309843063354
1757088352775512000,1.881923583984375,-0.112475000321865,0.111237496137619,-0.0796125009655952,0.2312079966068267,-0.4711810052394867,-0.6988189816474915,-9.768074035644531,-0.5201039910316467,-0.6887249946594238
1757088352785064700,1.8914763183593752,-0.0269499998539686,0.1027124971151351,-0.0345125012099742,0.5967950224876404,-0.4013609886169433,-0.4404929876327514,-9.76744270324707,-0.5135110020637512,-0.7013099789619446
1757088352794617600,1.9010292968750004,0.002337499987334,0.0049499999731779,0.0009624999947845,0.9018049836158752,0.0285010002553462,0.2406139969825744,-9.766799926757812,-0.5071799755096436,-0.7140489816665649
1757088352804170500,1.9105820312500006,0.0120999999344348,-0.0060499999672174,0.0217249989509582,0.9368680119514464,0.1393350064754486,0.3168709874153137,-9.766160011291504,-0.5012990236282349,-0.7265679836273193
1757088352813723400,1.920135009765625,0.0413874983787536,0.0098999999463558,0.0424874983727932,1.0085699558258057,-0.225722000002861,0.1343100070953369,-9.765409469604492,-0.496531993150711,-0.7397890090942383
1757088352823276300,1.92968798828125,0.0671000033617019,-0.0048124999739229,0.0584375001490116,0.924934983253479,-0.4280590116977691,0.0443480014801025,-9.7644681930542,-0.494500994682312,-0.7536399960517883
1757088352832829200,1.9392407226562502,0.0841500014066696,-0.0560999996960163,0.0571999996900558,0.4921649992465973,-0.400528997182846,0.1378220021724701,-9.76339054107666,-0.494827002286911,-0.767579972743988
1757088352842382300,1.9487939453125005,0.0951500013470649,-0.1563374996185302,0.0510125011205673,0.1715359985828399,-0.3319889903068542,0.1503619998693466,-9.762178421020508,-0.4969559907913208,-0.7817959785461426
1757088352851935000,1.9583466796875006,0.1086250022053718,-0.2894375026226043,0.0547249987721443,-0.0553110018372535,0.0117100002244114,0.2008679956197738,-9.760862350463867,-0.4997450113296509,-0.7967079877853394
1757088352861488000,1.967899658203125,0.1318625062704086,-0.3786749839782715,0.081675000488758,-0.1147449985146522,0.3807919919490814,0.1098399981856346,-9.759440422058104,-0.5021770000457764,-0.8128870129585266
1757088352871041000,1.9774526367187502,0.1489125043153762,-0.3761999905109405,0.1084875017404556,-0.3600330054759979,0.7270429730415344,0.0904330015182495,-9.75798797607422,-0.503305971622467,-0.8299070000648499
1757088352880594000,1.9870056152343754,0.1526249945163726,-0.2894375026226043,0.1084875017404556,-0.6135129928588867,0.9665780067443848,0.0763169974088668,-9.756606101989746,-0.5022609829902649,-0.8469949960708618
1757088352890146800,1.9965583496093755,0.1526249945163726,-0.1685750037431717,0.081675000488758,-0.6005629897117615,0.9166489839553832,0.0289190001785755,-9.755346298217772,-0.4990180134773254,-0.8634999990463257
1757088352899699700,2.0061113281250007,0.1453374922275543,-0.0585750006139278,0.0534874983131885,-0.373879998922348,0.7985039949417114,0.0314520001411438,-9.754254341125488,-0.49372199177742,-0.8787869811058044
1757088352909252600,2.015664306640625,0.1366750001907348,-0.015812499448657,0.0437249988317489,0.0200599990785121,0.6808379888534546,0.0047880001366138,-9.753307342529297,-0.4866900146007538,-0.8929280042648315
1757088352918805500,2.025217041015625,0.1366750001907348,-0.0402874983847141,0.0437249988317489,0.31181600689888,0.5198879837989807,-0.1065189987421035,-9.752413749694824,-0.4785139858722687,-0.9065709710121156
1757088352928358400,2.0347700195312504,0.1440999954938888,-0.0891000032424926,0.0461999997496604,0.5494589805603027,0.3009330034255981,-0.1351310014724731,-9.751459121704102,-0.470209002494812,-0.9205269813537598
1757088352937911300,2.0443229980468756,0.1513874977827072,-0.1391499936580658,0.0571999996900558,0.7672119736671448,0.0784590020775795,-0.054407000541687,-9.75040054321289,-0.4629260003566742,-0.9347540140151978
1757088352947464200,2.0538757324218757,0.1574375033378601,-0.17586250603199,0.0840125009417533,0.8100969791412354,-0.1321080029010772,0.0790949985384941,-9.74927806854248,-0.4573490023612976,-0.9485830068588256
1757088352957017000,2.0634287109375,0.159912496805191,-0.1880999952554702,0.113437496125698,0.5853580236434937,-0.2985189855098724,0.2222259938716888,-9.748234748840332,-0.453341007232666,-0.9606990218162536
1757088352966570000,2.072981689453125,0.1526249945163726,-0.1660999953746795,0.1377750039100647,0.3178209960460663,-0.4154959917068481,0.2677820026874542,-9.747297286987305,-0.4501399993896484,-0.9713199734687804
1757088352976123100,2.0825346679687504,0.1551000028848648,-0.1013374999165535,0.1427250057458877,-0.1069770008325576,-0.3874399960041046,0.2394299954175949,-9.746466636657717,-0.4474839866161346,-0.9806550145149232
1757088352985676000,2.0920876464843756,0.1551000028848648,-0.0402874983847141,0.1342000067234039,-0.3034960031509399,-0.3061360120773315,0.2173800021409988,-9.745580673217772,-0.4461950063705444,-0.9900280237197876
1757088352995228700,2.101640380859375,0.1586750000715255,-0.0145749999210238,0.1207249984145164,-0.322854995727539,-0.21492700278759,0.1330469995737075,-9.744606018066406,-0.4462000131607055,-0.9997509717941284
1757088353004781600,2.111193115234375,0.1671999990940094,-0.0010999999940395,0.104774996638298,-0.4163190126419067,-0.1080679967999458,0.0630040019750595,-9.743634223937988,-0.4466949999332428,-1.0092350244522097
1757088353014334500,2.1207460937500002,0.170912504196167,0.0122375003993511,0.0864875018596649,-0.4160270094871521,-0.0359909981489181,0.0544480010867118,-9.742788314819336,-0.4457080066204071,-1.018239974975586
1757088353023887400,2.1302990722656254,0.1648624986410141,0.0219999998807907,0.0717749968171119,-0.3363049924373626,-0.0752519965171814,0.1227950006723404,-9.742067337036133,-0.4435360133647918,-1.026705980300903
1757088353033440300,2.1398518066406256,0.1501500010490417,0.0391874983906745,0.0620125010609626,-0.2083020061254501,-0.1284410059452057,0.195371001958847,-9.741511344909668,-0.440663993358612,-1.0339850187301636
1757088353042993200,2.14940478515625,0.1331000030040741,0.0477125011384487,0.0584375001490116,-0.13782499730587,-0.2123969942331314,0.2271630018949508,-9.741097450256348,-0.4384370148181915,-1.039489984512329
1757088353052546000,2.158957763671875,0.1123374998569488,0.0526624992489814,0.048675000667572,-0.1033150032162666,-0.2898719906806946,0.2612720131874084,-9.740830421447754,-0.4380649924278259,-1.0423929691314695
1757088353062099000,2.1685104980468752,0.0915749967098236,0.0477125011384487,0.0327249988913536,-0.0024290001019835,-0.3907999992370605,0.2309650033712387,-9.740633010864258,-0.4407129883766174,-1.042834997177124
1757088353071651800,2.1780634765625004,0.0743874981999397,0.0367125011980533,0.0192499998956918,0.1098579987883567,-0.4073710143566131,0.1834950000047683,-9.740407943725586,-0.4470759928226471,-1.0414899587631226
1757088353081204700,2.1876164550781256,0.0585750006139278,0.0232375003397464,0.0094875004142522,0.2025420069694519,-0.332955002784729,0.0997759997844696,-9.740099906921388,-0.4569039940834045,-1.03916597366333
1757088353090758000,2.19716943359375,0.0413874983787536,0.0098999999463558,0.0059124999679625,0.2236949950456619,-0.154678001999855,0.058313000947237,-9.739690780639648,-0.4694609940052032,-1.036558985710144
1757088353100310800,2.206722412109375,0.0268124993890523,-0.0010999999940395,0.0082499999552965,0.1712760031223297,0.0449320003390312,0.0447800010442733,-9.73923110961914,-0.4838750064373016,-1.033769965171814
1757088353109863700,2.2162753906250003,0.0120999999344348,-0.0085249999538064,0.0169124994426965,0.1090890020132064,0.0419510006904602,0.0277629997581243,-9.738791465759276,-0.4997240006923675,-1.0303080081939695
1757088353119416600,2.2258281250000005,0.0010999999940395,0.0024749999865889,0.0241999998688697,0.0204559992998838,-0.0010250000050291,0.0168990008533,-9.738439559936523,-0.5164700150489807,-1.025699019432068
1757088353128969500,2.2353811035156257,-0.0098999999463558,0.0134749999269843,0.0290124993771314,-0.0038930000737309,-0.079475998878479,-0.0081489998847246,-9.738194465637209,-0.5335929989814758,-1.0198709964752195
1757088353138522400,2.24493408203125,-0.0184249989688396,0.0281875003129243,0.0279124993830919,0.012360000051558,-0.1150360032916069,-0.0218250006437301,-9.738051414489746,-0.5503690242767334,-1.0130300521850586
1757088353148075000,2.254486572265625,-0.0246124994009733,0.0342375002801418,0.0241999998688697,0.0595169998705387,-0.1463720053434372,-0.041848000138998,-9.73797607421875,-0.5662360191345215,-1.0056920051574707
1757088353157628200,2.2640397949218753,-0.029424998909235,0.0354750007390975,0.022962499409914,0.1087919995188713,-0.1576849967241287,-0.0741299986839294,-9.737939834594728,-0.5808029770851135,-0.9982929825782776
1757088353167180800,2.2735925292968755,-0.034375000745058,0.0367125011980533,0.022962499409914,0.1269180029630661,-0.1163149997591972,-0.1045740023255348,-9.737902641296388,-0.5941200256347656,-0.9912689924240112
1757088353176734000,2.2831455078125007,-0.0331375002861022,0.0306624993681907,0.0181499999016523,0.1662950068712234,-0.1520420014858245,-0.1144009977579116,-9.73780918121338,-0.6066129803657532,-0.9849749803543092
1757088353186286800,2.292698486328125,-0.0331375002861022,0.0269499998539686,0.0094875004142522,0.1861820071935653,-0.1999139934778213,-0.1322350054979324,-9.737641334533691,-0.6187360286712646,-0.9793729782104492
1757088353195839700,2.30225146484375,-0.0318999998271465,0.0244750007987022,0.002199999988079,0.1871210038661956,-0.1486860066652298,-0.13748200237751,-9.73740577697754,-0.6307119727134705,-0.9743760228157043
1757088353205393000,2.3118044433593754,-0.0318999998271465,0.0147124994546175,0.004674999974668,0.1711550056934356,-0.1341039985418319,-0.152888998389244,-9.737075805664062,-0.6428059935569763,-0.9701150059700012
1757088353214945500,2.3213571777343756,-0.0306624993681907,0.0184249989688396,0.0094875004142522,0.1045809984207153,-0.1699209958314895,-0.18852299451828,-9.736614227294922,-0.6550719738006592,-0.9668790102005004
1757088353224498400,2.33091015625,-0.0269499998539686,0.0208999998867511,0.0107249999418854,0.0977599993348121,-0.1427090018987655,-0.2268629968166351,-9.735995292663574,-0.6672880053520203,-0.965041995048523
